chapter_key,chapter_name,district,region,district_director_name,district_director_email,regional_vice_president_name,regional_vice_president_email
1,Alpha,New York,Eastern,,,,
23,Alpha Alpha,Ohio,Midwestern,,,,
123,Alpha Alpha Lambda,New Jersey,Eastern,,,,
24,Alpha Beta,Alabama,Southern,,,,
124,Alpha Beta Lambda,Kentucky,Midwestern,,,,
43,Alpha Chi,Tennessee,Southern,,,,
143,Alpha Chi Lambda,Georgia,Southern,,,,
26,Alpha Delta,Southern California,Western,,,,
126,Alpha Delta Lambda,Tennessee,Southern,,,,
27,Alpha Epsilon,Northern California,Western,,,,
127,Alpha Epsilon Lambda,Mississippi,Southern,,,,
29,Alpha Eta,Missouri,Midwestern,,,,
129,Alpha Eta Lambda,Texas,Southwestern,,,,
25,Alpha Gamma,New England,Eastern,,,,
125,Alpha Gamma Lambda,New York,Eastern,,,,
31,Alpha Iota,Rocky Mountain (Colorado/Utah),Western,,,,
131,Alpha Iota Lambda,West Virginia,Midwestern,,,,
32,Alpha Kappa,New England,Eastern,,,,
132,Alpha Kappa Lambda,Virginia,Eastern,,,,
101,Alpha Lambda,Kentucky,Midwestern,,,,
33,Alpha Mu,Illinois,Midwestern,,,,
133,Alpha Mu Lambda,Tennessee,Southern,,,,
34,Alpha Nu,Iowa,Midwestern,,,,
134,Alpha Nu Lambda,Alabama,Southern,,,,
36,Alpha Omicron,North Carolina,Southern,,,,
136,Alpha Omicron Lambda,Pennsylvania,Eastern,,,,
42,Alpha Phi,Georgia,Southern,,,,
142,Alpha Phi Lambda,Virginia,Eastern,,,,
37,Alpha Pi,Kentucky,Midwestern,,,,
137,Alpha Pi Lambda,North Carolina,Southern,,,,
44,Alpha Psi,Missouri,Midwestern,,,,
144,Alpha Psi Lambda,South Carolina,Southern,,,,
38,Alpha Rho,Georgia,Southern,,,,
138,Alpha Rho Lambda,Ohio,Midwestern,,,,
39,Alpha Sigma,Texas,Southwestern,,,,
139,Alpha Sigma Lambda,Texas,Southwestern,,,,
40,Alpha Tau,Ohio,Midwestern,,,,
140,Alpha Tau Lambda,Oklahoma,Southwestern,,,,
30,Alpha Theta,Iowa,Midwestern,,,,
130,Alpha Theta Lambda,New Jersey,Eastern,,,,
41,Alpha Upsilon,Michigan,Midwestern,,,,
141,Alpha Upsilon Lambda,Alabama,Southern,,,,
35,Alpha Xi,Great Northwest,Western,,,,
135,Alpha Xi Lambda,Ohio,Midwestern,,,,
28,Alpha Zeta,West Virginia,Midwestern,,,,
128,Alpha Zeta Lambda,West Virginia,Midwestern,,,,
2,Beta,"Washington DC, Maryland, Delaware",Eastern,,,,
45,Beta Alpha,"Washington DC, Maryland, Delaware",Eastern,,,,
145,Beta Alpha Lambda,"Washington DC, Maryland, Delaware",Eastern,,,,
46,Beta Beta,Nebraska,Midwestern,,,,
146,Beta Beta Lambda,Florida,Southern,,,,
65,Beta Chi,Arkansas,Southwestern,,,,
165,Beta Chi Lambda,Oklahoma,Southwestern,,,,
48,Beta Delta,South Carolina,Southern,,,,
148,Beta Delta Lambda,Florida,Southern,,,,
49,Beta Epsilon,North Carolina,Southern,,,,
149,Beta Epsilon Lambda,Oklahoma,Southwestern,,,,
51,Beta Eta,Illinois,Midwestern,,,,
151,Beta Eta Lambda,Oklahoma,Southwestern,,,,
47,Beta Gamma,Virginia,Eastern,,,,
147,Beta Gamma Lambda,Virginia,Eastern,,,,
53,Beta Iota,North Carolina,Southern,,,,
153,Beta Iota Lambda,Louisiana,Southwestern,,,,
54,Beta Kappa,Oklahoma,Southwestern,,,,
154,Beta Kappa Lambda,South Carolina,Southern,,,,
102,Beta Lambda,Missouri,Midwestern,,,,
55,Beta Mu,Kentucky,Midwestern,,,,
155,Beta Mu Lambda,North Carolina,Southern,,,,
56,Beta Nu,Florida,Southern,,,,
156,Beta Nu Lambda,North Carolina,Southern,,,,
58,Beta Omicron,Tennessee,Southern,,,,
158,Beta Omicron Lambda,Alabama,Southern,,,,
64,Beta Phi,Louisiana,Southwestern,,,,
164,Beta Phi Lambda,Georgia,Southern,,,,
59,Beta Pi,Tennessee,Southern,,,,
159,Beta Pi Lambda,New York,Eastern,,,,
66,Beta Psi,International,Eastern,,,,
166,Beta Psi Lambda,Southern California,Western,,,,
60,Beta Rho,North Carolina,Southern,,,,
160,Beta Rho Lambda,Ohio,Midwestern,,,,
61,Beta Sigma,Louisiana,Southwestern,,,,
161,Beta Sigma Lambda,New England,Eastern,,,,
62,Beta Tau,Louisiana,Southwestern,,,,
162,Beta Tau Lambda,Texas,Southwestern,,,,
52,Beta Theta,West Virginia,Midwestern,,,,
152,Beta Theta Lambda,North Carolina,Southern,,,,
63,Beta Upsilon,Alabama,Southern,,,,
163,Beta Upsilon Lambda,Tennessee,Southern,,,,
57,Beta Xi,Tennessee,Southern,,,,
157,Beta Xi Lambda,Nebraska,Midwestern,,,,
50,Beta Zeta,North Carolina,Southern,,,,
150,Beta Zeta Lambda,Missouri,Midwestern,,,,
21,Chi,Tennessee,Southern,,,,
121,Chi Lambda,Ohio,Midwestern,,,,
4,Delta,Texas,Southwestern,,,,
89,Delta Alpha,South Carolina,Southern,,,,
189,Delta Alpha Lambda,Ohio,Midwestern,,,,
90,Delta Beta,Florida,Southern,,,,
190,Delta Beta Lambda,Virginia,Eastern,,,,
308,Delta Chi,New York,Eastern,,,,
210,Delta Chi Lambda,Wisconsin,Midwestern,,,,
92,Delta Delta,Georgia,Southern,,,,
192,Delta Delta Lambda,Florida,Southern,,,,
93,Delta Epsilon,New York,Eastern,,,,
193,Delta Epsilon Lambda,Illinois,Midwestern,,,,
95,Delta Eta,Georgia,Southern,,,,
195,Delta Eta Lambda,Kansas,Midwestern,,,,
91,Delta Gamma,Alabama,Southern,,,,
191,Delta Gamma Lambda,Ohio,Midwestern,,,,
97,Delta Iota,New Jersey,Eastern,,,,
197,Delta Iota Lambda,Georgia,Southern,,,,
98,Delta Kappa,Mississippi,Southern,,,,
198,Delta Kappa Lambda,South Carolina,Southern,,,,
104,Delta Lambda,"Washington DC, Maryland, Delaware",Eastern,,,,
99,Delta Mu,Kansas,Midwestern,,,,
199,Delta Mu Lambda,New Jersey,Eastern,,,,
100,Delta Nu,"Washington DC, Maryland, Delaware",Eastern,,,,
200,Delta Nu Lambda,Virginia,Eastern,,,,
301,Delta Omicron,Northern California,Western,,,,
203,Delta Omicron Lambda,"Washington DC, Maryland, Delaware",Eastern,,,,
307,Delta Phi,Mississippi,Southern,,,,
209,Delta Phi Lambda,Alabama,Southern,,,,
302,Delta Pi,Pennsylvania,Eastern,,,,
204,Delta Pi Lambda,Alabama,Southern,,,,
309,Delta Psi,Florida,Southern,,,,
211,Delta Psi Lambda,Rocky Mountain (Colorado/Utah),Western,,,,
303,Delta Rho,Missouri,Midwestern,,,,
205,Delta Rho Lambda,Texas,Southwestern,,,,
304,Delta Sigma,Louisiana,Southwestern,,,,
206,Delta Sigma Lambda,Arkansas,Southwestern,,,,
305,Delta Tau,Virginia,Eastern,,,,
207,Delta Tau Lambda,"Arizona, Nevada, New Mexico",Western,,,,
96,Delta Theta,Texas,Southwestern,,,,
196,Delta Theta Lambda,Alabama,Southern,,,,
306,Delta Upsilon,Ohio,Midwestern,,,,
208,Delta Upsilon Lambda,Louisiana,Southwestern,,,,
300,Delta Xi,Ohio,Midwestern,,,,
202,Delta Xi Lambda,Florida,Southern,,,,
94,Delta Zeta,New York,Eastern,,,,
194,Delta Zeta Lambda,South Carolina,Southern,,,,
5,Epsilon,Michigan,Midwestern,,,,
310,Epsilon Alpha,Ohio,Midwestern,,,,
212,Epsilon Alpha Lambda,Arkansas,Southwestern,,,,
311,Epsilon Beta,Northern California,Western,,,,
213,Epsilon Beta Lambda,Georgia,Southern,,,,
330,Epsilon Chi,Kentucky,Midwestern,,,,
232,Epsilon Chi Lambda,North Carolina,Southern,,,,
313,Epsilon Delta,Ohio,Midwestern,,,,
215,Epsilon Delta Lambda,Alabama,Southern,,,,
314,Epsilon Epsilon,Oklahoma,Southwestern,,,,
216,Epsilon Epsilon Lambda,Texas,Southwestern,,,,
316,Epsilon Eta,Michigan,Midwestern,,,,
218,Epsilon Eta Lambda,Missouri,Midwestern,,,,
312,Epsilon Gamma,Texas,Southwestern,,,,
214,Epsilon Gamma Lambda,New England,Eastern,,,,
318,Epsilon Iota,Texas,Southwestern,,,,
220,Epsilon Iota Lambda,Virginia,Eastern,,,,
319,Epsilon Kappa,Illinois,Midwestern,,,,
221,Epsilon Kappa Lambda,Louisiana,Southwestern,,,,
105,Epsilon Lambda,Missouri,Midwestern,,,,
320,Epsilon Mu,Northern California,Western,,,,
222,Epsilon Mu Lambda,Florida,Southern,,,,
321,Epsilon Nu,Alabama,Southern,,,,
223,Epsilon Nu Lambda,Virginia,Eastern,,,,
323,Epsilon Omicron,Kansas,Midwestern,,,,
225,Epsilon Omicron Lambda,Virginia,Eastern,,,,
329,Epsilon Phi,Illinois,Midwestern,,,,
231,Epsilon Phi Lambda,Texas,Southwestern,,,,
324,Epsilon Pi,Virginia,Eastern,,,,
226,Epsilon Pi Lambda,Florida,Southern,,,,
331,Epsilon Psi,Missouri,Midwestern,,,,
233,Epsilon Psi Lambda,Louisiana,Southwestern,,,,
325,Epsilon Rho,Texas,Southwestern,,,,
227,Epsilon Rho Lambda,North Carolina,Southern,,,,
326,Epsilon Sigma,Texas,Southwestern,,,,
228,Epsilon Sigma Lambda,North Carolina,Southern,,,,
327,Epsilon Tau,Wisconsin,Midwestern,,,,
229,Epsilon Tau Lambda,Texas,Southwestern,,,,
317,Epsilon Theta,Ohio,Midwestern,,,,
219,Epsilon Theta Lambda,International,Eastern,,,,
328,Epsilon Upsilon,Louisiana,Southwestern,,,,
230,Epsilon Upsilon Lambda,Michigan,Midwestern,,,,
322,Epsilon Xi,Michigan,Midwestern,,,,
224,Epsilon Xi Lambda,Mississippi,Southern,,,,
315,Epsilon Zeta,North Carolina,Southern,,,,
217,Epsilon Zeta Lambda,Great Northwest,Western,,,,
7,Eta,New York,Eastern,,,,
354,Eta Alpha,Georgia,Southern,,,,
256,Eta Alpha Lambda,New England,Eastern,,,,
355,Eta Beta,Wisconsin,Midwestern,,,,
257,Eta Beta Lambda,Kansas,Midwestern,,,,
374,Eta Chi,Louisiana,Southwestern,,,,
276,Eta Chi Lambda,New York,Eastern,,,,
357,Eta Delta,Florida,Southern,,,,
259,Eta Delta Lambda,Louisiana,Southwestern,,,,
358,Eta Epsilon,Texas,Southwestern,,,,
260,Eta Epsilon Lambda,International,Eastern,,,,
360,Eta Eta,Illinois,Midwestern,,,,
262,Eta Eta Lambda,"Washington DC, Maryland, Delaware",Eastern,,,,
356,Eta Gamma,Texas,Southwestern,,,,
258,Eta Gamma Lambda,Louisiana,Southwestern,,,,
362,Eta Iota,South Carolina,Southern,,,,
264,Eta Iota Lambda,Georgia,Southern,,,,
363,Eta Kappa,Louisiana,Southwestern,,,,
265,Eta Kappa Lambda,Florida,Southern,,,,
107,Eta Lambda,Georgia,Southern,,,,
364,Eta Mu,Texas,Southwestern,,,,
266,Eta Mu Lambda,North Carolina,Southern,,,,
365,Eta Nu,North Carolina,Southern,,,,
267,Eta Nu Lambda,Michigan,Midwestern,,,,
367,Eta Omicron,North Carolina,Southern,,,,
269,Eta Omicron Lambda,South Carolina,Southern,,,,
373,Eta Phi,Tennessee,Southern,,,,
275,Eta Phi Lambda,Mississippi,Southern,,,,
368,Eta Pi,Wisconsin,Midwestern,,,,
270,Eta Pi Lambda,Southern California,Western,,,,
375,Eta Psi,Texas,Southwestern,,,,
277,Eta Psi Lambda,"Arizona, Nevada, New Mexico",Western,,,,
369,Eta Rho,Kentucky,Midwestern,,,,
271,Eta Rho Lambda,New York,Eastern,,,,
370,Eta Sigma,Southern California,Western,,,,
272,Eta Sigma Lambda,Northern California,Western,,,,
371,Eta Tau,Illinois,Midwestern,,,,
273,Eta Tau Lambda,Ohio,Midwestern,,,,
361,Eta Theta,Oklahoma,Southwestern,,,,
263,Eta Theta Lambda,New York,Eastern,,,,
372,Eta Upsilon,Texas,Southwestern,,,,
274,Eta Upsilon Lambda,Arkansas,Southwestern,,,,
366,Eta Xi,Michigan,Midwestern,,,,
268,Eta Xi Lambda,Oklahoma,Southwestern,,,,
359,Eta Zeta,"Washington DC, Maryland, Delaware",Eastern,,,,
261,Eta Zeta Lambda,New York,Eastern,,,,
3,Gamma,Virginia,Eastern,,,,
67,Gamma Alpha,Texas,Southwestern,,,,
167,Gamma Alpha Lambda,Virginia,Eastern,,,,
68,Gamma Beta,North Carolina,Southern,,,,
168,Gamma Beta Lambda,Kentucky,Midwestern,,,,
87,Gamma Chi,Kansas,Midwestern,,,,
187,Gamma Chi Lambda,Northern California,Western,,,,
70,Gamma Delta,Arkansas,Southwestern,,,,
170,Gamma Delta Lambda,,Midwestern,,,,
71,Gamma Epsilon,Wisconsin,Midwestern,,,,
171,Gamma Epsilon Lambda,Kentucky,Midwestern,,,,
73,Gamma Eta,Indiana,Midwestern,,,,
173,Gamma Eta Lambda,Texas,Southwestern,,,,
69,Gamma Gamma,South Carolina,Southern,,,,
169,Gamma Gamma Lambda,South Carolina,Southern,,,,
75,Gamma Iota,Virginia,Eastern,,,,
175,Gamma Iota Lambda,New York,Eastern,,,,
76,Gamma Kappa,Alabama,Southern,,,,
176,Gamma Kappa Lambda,North Carolina,Southern,,,,
103,Gamma Lambda,Michigan,Midwestern,,,,
77,Gamma Mu,North Carolina,Southern,,,,
177,Gamma Mu Lambda,Florida,Southern,,,,
78,Gamma Nu,Pennsylvania,Eastern,,,,
178,Gamma Nu Lambda,Virginia,Eastern,,,,
80,Gamma Omicron,Tennessee,Southern,,,,
180,Gamma Omicron Lambda,Georgia,Southern,,,,
86,Gamma Phi,Alabama,Southern,,,,
186,Gamma Phi Lambda,Northern California,Western,,,,
81,Gamma Pi,South Carolina,Southern,,,,
181,Gamma Pi Lambda,Texas,Southwestern,,,,
88,Gamma Psi,North Carolina,Southern,,,,
188,Gamma Psi Lambda,North Carolina,Southern,,,,
82,Gamma Rho,Indiana,Midwestern,,,,
182,Gamma Rho Lambda,Indiana,Midwestern,,,,
83,Gamma Sigma,"Washington DC, Maryland, Delaware",Eastern,,,,
183,Gamma Sigma Lambda,Georgia,Southern,,,,
84,Gamma Tau,Michigan,Midwestern,,,,
184,Gamma Tau Lambda,Texas,Southwestern,,,,
74,Gamma Theta,Ohio,Midwestern,,,,
174,Gamma Theta Lambda,"Washington DC, Maryland, Delaware",Eastern,,,,
85,Gamma Upsilon,Mississippi,Southern,,,,
185,Gamma Upsilon Lambda,Texas,Southwestern,,,,
79,Gamma Xi,Southern California,Western,,,,
179,Gamma Xi Lambda,Minnesota,Midwestern,,,,
72,Gamma Zeta,Georgia,Southern,,,,
172,Gamma Zeta Lambda,Florida,Southern,,,,
201,General Organization,District 700,Region 7,,,,
9,Iota,Georgia,Southern,,,,
398,Iota Alpha,Virginia,Eastern,,,,
502,Iota Alpha Lambda,"Washington DC, Maryland, Delaware",Eastern,,,,
399,Iota Beta,Virginia,Eastern,,,,
503,Iota Beta Lambda,Florida,Southern,,,,
418,Iota Chi,Southern California,Western,,,,
522,Iota Chi Lambda,Michigan,Midwestern,,,,
401,Iota Delta,Florida,Southern,,,,
505,Iota Delta Lambda,Illinois,Midwestern,,,,
402,Iota Epsilon,Michigan,Midwestern,,,,
506,Iota Epsilon Lambda,Florida,Southern,,,,
404,Iota Eta,Georgia,Southern,,,,
508,Iota Eta Lambda,South Carolina,Southern,,,,
400,Iota Gamma,Mississippi,Southern,,,,
504,Iota Gamma Lambda,Georgia,Southern,,,,
406,Iota Iota,New Jersey,Eastern,,,,
510,Iota Iota Lambda,New York,Eastern,,,,
407,Iota Kappa,Texas,Southwestern,,,,
511,Iota Kappa Lambda,New York,Eastern,,,,
109,Iota Lambda,Indiana,Midwestern,,,,
408,Iota Mu,Texas,Southwestern,,,,
512,Iota Mu Lambda,Great Northwest,Western,,,,
409,Iota Nu,Alabama,Southern,,,,
513,Iota Nu Lambda,Northern California,Western,,,,
411,Iota Omicron,Texas,Southwestern,,,,
515,Iota Omicron Lambda,Rocky Mountain (Colorado/Utah),Western,,,,
417,Iota Phi,Ohio,Midwestern,,,,
521,Iota Phi Lambda,Michigan,Midwestern,,,,
412,Iota Pi,Illinois,Midwestern,,,,
516,Iota Pi Lambda,Florida,Southern,,,,
419,Iota Psi,Southern California,Western,,,,
523,Iota Psi Lambda,"Arizona, Nevada, New Mexico",Western,,,,
413,Iota Rho,New Jersey,Eastern,,,,
517,Iota Rho Lambda,Michigan,Midwestern,,,,
414,Iota Sigma,Pennsylvania,Eastern,,,,
518,Iota Sigma Lambda,Florida,Southern,,,,
415,Iota Tau,Great Northwest,Western,,,,
519,Iota Tau Lambda,Virginia,Eastern,,,,
405,Iota Theta,Indiana,Midwestern,,,,
509,Iota Theta Lambda,New York,Eastern,,,,
416,Iota Upsilon,Rocky Mountain (Colorado/Utah),Western,,,,
520,Iota Upsilon Lambda,"Washington DC, Maryland, Delaware",Eastern,,,,
410,Iota Xi,Missouri,Midwestern,,,,
514,Iota Xi Lambda,Louisiana,Southwestern,,,,
403,Iota Zeta,"Washington DC, Maryland, Delaware",Eastern,,,,
507,Iota Zeta Lambda,Southern California,Western,,,,
10,Kappa,Ohio,Midwestern,,,,
420,Kappa Alpha,Alabama,Southern,,,,
524,Kappa Alpha Lambda,Northern California,Western,,,,
421,Kappa Beta,Mississippi,Southern,,,,
525,Kappa Beta Lambda,Pennsylvania,Eastern,,,,
440,Kappa Chi,South Carolina,Southern,,,,
544,Kappa Chi Lambda,Illinois,Midwestern,,,,
423,Kappa Delta,New England,Eastern,,,,
527,Kappa Delta Lambda,Michigan,Midwestern,,,,
424,Kappa Epsilon,Oklahoma,Southwestern,,,,
528,Kappa Epsilon Lambda,"Washington DC, Maryland, Delaware",Eastern,,,,
530,Kappa Eta Lambda,Southern California,Western,,,,
422,Kappa Gamma,Alabama,Southern,,,,
526,Kappa Gamma Lambda,Arkansas,Southwestern,,,,
428,Kappa Iota,Arkansas,Southwestern,,,,
532,Kappa Iota Lambda,New Jersey,Eastern,,,,
429,Kappa Kappa,Arkansas,Southwestern,,,,
533,Kappa Kappa Lambda,"Washington DC, Maryland, Delaware",Eastern,,,,
110,Kappa Lambda,North Carolina,Southern,,,,
430,Kappa Mu,Louisiana,Southwestern,,,,
534,Kappa Mu Lambda,Ohio,Midwestern,,,,
431,Kappa Nu,Louisiana,Southwestern,,,,
535,Kappa Nu Lambda,Alabama,Southern,,,,
433,Kappa Omicron,North Carolina,Southern,,,,
537,Kappa Omicron Lambda,Northern California,Western,,,,
439,Kappa Phi,International,Eastern,,,,
543,Kappa Phi Lambda,"Washington DC, Maryland, Delaware",Eastern,,,,
434,Kappa Pi,Virginia,Eastern,,,,
538,Kappa Pi Lambda,Illinois,Midwestern,,,,
441,Kappa Psi,Arkansas,Southwestern,,,,
545,Kappa Psi Lambda,Michigan,Midwestern,,,,
435,Kappa Rho,New York,Eastern,,,,
539,Kappa Rho Lambda,Indiana,Midwestern,,,,
436,Kappa Sigma,Texas,Southwestern,,,,
540,Kappa Sigma Lambda,Texas,Southwestern,,,,
437,Kappa Tau,Kansas,Midwestern,,,,
541,Kappa Tau Lambda,Georgia,Southern,,,,
427,Kappa Theta,Tennessee,Southern,,,,
531,Kappa Theta Lambda,New Jersey,Eastern,,,,
438,Kappa Upsilon,Florida,Southern,,,,
542,Kappa Upsilon Lambda,New York,Eastern,,,,
432,Kappa Xi,Tennessee,Southern,,,,
536,Kappa Xi Lambda,New York,Eastern,,,,
425,Kappa Zeta,New York,Eastern,,,,
529,Kappa Zeta Lambda,Tennessee,Southern,,,,
11,Mu,Minnesota,Midwestern,,,,
442,Mu Alpha,Georgia,Southern,,,,
546,Mu Alpha Lambda,Illinois,Midwestern,,,,
443,Mu Beta,Tennessee,Southern,,,,
547,Mu Beta Lambda,Southern California,Western,,,,
462,Mu Chi,Southern California,Western,,,,
566,Mu Chi Lambda,Illinois,Midwestern,,,,
445,Mu Delta,Georgia,Southern,,,,
549,Mu Delta Lambda,Illinois,Midwestern,,,,
446,Mu Epsilon,Wisconsin,Midwestern,,,,
550,Mu Epsilon Lambda,South Carolina,Southern,,,,
448,Mu Eta,"Arizona, Nevada, New Mexico",Western,,,,
552,Mu Eta Lambda,Wisconsin,Midwestern,,,,
444,Mu Gamma,Georgia,Southern,,,,
548,Mu Gamma Lambda,Mississippi,Southern,,,,
450,Mu Iota,Tennessee,Southern,,,,
554,Mu Iota Lambda,Alabama,Southern,,,,
451,Mu Kappa,Southern California,Western,,,,
555,Mu Kappa Lambda,Illinois,Midwestern,,,,
111,Mu Lambda,"Washington DC, Maryland, Delaware",Eastern,,,,
452,Mu Mu,Illinois,Midwestern,,,,
556,Mu Mu Lambda,Illinois,Midwestern,,,,
453,Mu Nu,Texas,Southwestern,,,,
557,Mu Nu Lambda,Tennessee,Southern,,,,
455,Mu Omicron,Georgia,Southern,,,,
559,Mu Omicron Lambda,Arkansas,Southwestern,,,,
461,Mu Phi,New England,Eastern,,,,
565,Mu Phi Lambda,Southern California,Western,,,,
456,Mu Pi,South Carolina,Southern,,,,
560,Mu Pi Lambda,Mississippi,Southern,,,,
463,Mu Psi,New England,Eastern,,,,
567,Mu Psi Lambda,Alabama,Southern,,,,
457,Mu Rho,"Washington DC, Maryland, Delaware",Eastern,,,,
561,Mu Rho Lambda,Texas,Southwestern,,,,
458,Mu Sigma,New York,Eastern,,,,
562,Mu Sigma Lambda,Southern California,Western,,,,
459,Mu Tau,North Carolina,Southern,,,,
563,Mu Tau Lambda,Iowa,Midwestern,,,,
449,Mu Theta,Florida,Southern,,,,
553,Mu Theta Lambda,New England,Eastern,,,,
460,Mu Upsilon,"Washington DC, Maryland, Delaware",Eastern,,,,
564,Mu Upsilon Lambda,Rocky Mountain (Colorado/Utah),Western,,,,
454,Mu Xi,Mississippi,Southern,,,,
558,Mu Xi Lambda,Southern California,Western,,,,
447,Mu Zeta,North Carolina,Southern,,,,
551,Mu Zeta Lambda,Florida,Southern,,,,
12,Nu,Pennsylvania,Eastern,,,,
464,Nu Alpha,Arkansas,Southwestern,,,,
568,Nu Alpha Lambda,Louisiana,Southwestern,,,,
465,Nu Beta,"Washington DC, Maryland, Delaware",Eastern,,,,
569,Nu Beta Lambda,Northern California,Western,,,,
484,Nu Chi,Northern California,Western,,,,
588,Nu Chi Lambda,Iowa,Midwestern,,,,
467,Nu Delta,Illinois,Midwestern,,,,
571,Nu Delta Lambda,Virginia,Eastern,,,,
468,Nu Epsilon,Illinois,Midwestern,,,,
572,Nu Epsilon Lambda,Great Northwest,Western,,,,
470,Nu Eta,Tennessee,Southern,,,,
574,Nu Eta Lambda,Florida,Southern,,,,
466,Nu Gamma,Georgia,Southern,,,,
570,Nu Gamma Lambda,New Jersey,Eastern,,,,
472,Nu Iota,New Jersey,Eastern,,,,
576,Nu Iota Lambda,North Carolina,Southern,,,,
473,Nu Kappa,"Washington DC, Maryland, Delaware",Eastern,,,,
577,Nu Kappa Lambda,North Carolina,Southern,,,,
112,Nu Lambda,Virginia,Eastern,,,,
474,Nu Mu,Georgia,Southern,,,,
578,Nu Mu Lambda,Georgia,Southern,,,,
475,Nu Nu,West Virginia,Midwestern,,,,
579,Nu Nu Lambda,Indiana,Midwestern,,,,
477,Nu Omicron,Wisconsin,Midwestern,,,,
581,Nu Omicron Lambda,Virginia,Eastern,,,,
483,Nu Phi,South Carolina,Southern,,,,
587,Nu Phi Lambda,Southern California,Western,,,,
478,Nu Pi,Indiana,Midwestern,,,,
582,Nu Pi Lambda,Texas,Southwestern,,,,
485,Nu Psi,Louisiana,Southwestern,,,,
589,Nu Psi Lambda,Illinois,Midwestern,,,,
479,Nu Rho,Illinois,Midwestern,,,,
583,Nu Rho Lambda,Michigan,Midwestern,,,,
480,Nu Sigma,Northern California,Western,,,,
584,Nu Sigma Lambda,Texas,Southwestern,,,,
481,Nu Tau,Alabama,Southern,,,,
585,Nu Tau Lambda,Southern California,Western,,,,
471,Nu Theta,Virginia,Eastern,,,,
575,Nu Theta Lambda,Louisiana,Southwestern,,,,
482,Nu Upsilon,Mississippi,Southern,,,,
586,Nu Upsilon Lambda,Pennsylvania,Eastern,,,,
476,Nu Xi,Wisconsin,Midwestern,,,,
580,Nu Xi Lambda,New England,Eastern,,,,
469,Nu Zeta,North Carolina,Southern,,,,
573,Nu Zeta Lambda,Great Northwest,Western,,,,
"10,000",Omega,District 700,Region 7,,,,
14,Omicron,Pennsylvania,Eastern,,,,
708,Omicron Alpha,Alabama,Southern,,,,
612,Omicron Alpha Lambda,Virginia,Eastern,,,,
709,Omicron Beta,North Carolina,Southern,,,,
613,Omicron Beta Lambda,Florida,Southern,,,,
728,Omicron Chi,South Carolina,Southern,,,,
632,Omicron Chi Lambda,,Southwestern,,,,
711,Omicron Delta,"Arizona, Nevada, New Mexico",Western,,,,
615,Omicron Delta Lambda,Pennsylvania,Eastern,,,,
712,Omicron Epsilon,Ohio,Midwestern,,,,
616,Omicron Epsilon Lambda,Texas,Southwestern,,,,
714,Omicron Eta,Southern California,Western,,,,
618,Omicron Eta Lambda,"Washington DC, Maryland, Delaware",Eastern,,,,
710,Omicron Gamma,Mississippi,Southern,,,,
614,Omicron Gamma Lambda,North Carolina,Southern,,,,
716,Omicron Iota,Illinois,Midwestern,,,,
620,Omicron Iota Lambda,South Carolina,Southern,,,,
717,Omicron Kappa,Alabama,Southern,,,,
621,Omicron Kappa Lambda,South Carolina,Southern,,,,
114,Omicron Lambda,Alabama,Southern,,,,
500,Omicron Lambda Alpha,"Washington DC, Maryland, Delaware",Eastern,,,,
501,Omicron Lambda Beta,Illinois,Midwestern,,,,
718,Omicron Mu,Michigan,Midwestern,,,,
622,Omicron Mu Lambda,Georgia,Southern,,,,
719,Omicron Nu,Oklahoma,Southwestern,,,,
623,Omicron Nu Lambda,Kentucky,Midwestern,,,,
721,Omicron Omicron,"Washington DC, Maryland, Delaware",Eastern,,,,
625,Omicron Omicron Lambda,Georgia,Southern,,,,
727,Omicron Phi,Tennessee,Southern,,,,
631,Omicron Phi Lambda,Georgia,Southern,,,,
722,Omicron Pi,Iowa,Midwestern,,,,
626,Omicron Pi Lambda,Georgia,Southern,,,,
729,Omicron Psi,Mississippi,Southern,,,,
633,Omicron Psi Lambda,Louisiana,Southwestern,,,,
723,Omicron Rho,Ohio,Midwestern,,,,
627,Omicron Rho Lambda,Mississippi,Southern,,,,
724,Omicron Sigma,Alabama,Southern,,,,
628,Omicron Sigma Lambda,Tennessee,Southern,,,,
725,Omicron Tau,Rocky Mountain (Colorado/Utah),Western,,,,
629,Omicron Tau Lambda,South Carolina,Southern,,,,
715,Omicron Theta,North Carolina,Southern,,,,
619,Omicron Theta Lambda,Northern California,Western,,,,
726,Omicron Upsilon,New York,Eastern,,,,
630,Omicron Upsilon Lambda,Florida,Southern,,,,
720,Omicron Xi,Illinois,Midwestern,,,,
624,Omicron Xi Lambda,Missouri,Midwestern,,,,
713,Omicron Zeta,New Jersey,Eastern,,,,
617,Omicron Zeta Lambda,Arkansas,Southwestern,,,,
20,Phi,Ohio,Midwestern,,,,
847,Phi Alpha,Virginia,Eastern,,,,
848,Phi Beta,"Arizona, Nevada, New Mexico",Western,,,,
900,Phi Chi,"Washington DC, Maryland, Delaware",Eastern,,,,
850,Phi Delta,North Carolina,Southern,,,,
851,Phi Epsilon,Indiana,Midwestern,,,,
854,Phi Eta,New Jersey,Eastern,,,,
849,Phi Gamma,North Carolina,Southern,,,,
856,Phi Iota,"Washington DC, Maryland, Delaware",Eastern,,,,
857,Phi Kappa,New York,Eastern,,,,
120,Phi Lambda,North Carolina,Southern,,,,
864,Phi Mu,Florida,Southern,,,,
865,Phi Nu,Illinois,Midwestern,,,,
879,Phi Omicron,New York,Eastern,,,,
896,Phi Phi,Southern California,Western,,,,
880,Phi Pi,North Carolina,Southern,,,,
881,Phi Rho,Illinois,Midwestern,,,,
882,Phi Sigma,Southern California,Western,,,,
883,Phi Tau,Georgia,Southern,,,,
855,Phi Theta,New Jersey,Eastern,,,,
888,Phi Upsilon,Southern California,Western,,,,
866,Phi Xi,Georgia,Southern,,,,
853,Phi Zeta,Virginia,Eastern,,,,
15,Pi,Ohio,Midwestern,,,,
730,Pi Alpha,South Carolina,Southern,,,,
634,Pi Alpha Lambda,Texas,Southwestern,,,,
731,Pi Beta,New York,Eastern,,,,
635,Pi Beta Lambda,"Arizona, Nevada, New Mexico",Western,,,,
750,Pi Chi,"Arizona, Nevada, New Mexico",Western,,,,
654,Pi Chi Lambda,North Carolina,Southern,,,,
733,Pi Delta,Alabama,Southern,,,,
637,Pi Delta Lambda,South Carolina,Southern,,,,
734,Pi Epsilon,Southern California,Western,,,,
638,Pi Epsilon Lambda,Alabama,Southern,,,,
736,Pi Eta,"Arizona, Nevada, New Mexico",Western,,,,
640,Pi Eta Lambda,Georgia,Southern,,,,
732,Pi Gamma,Northern California,Western,,,,
636,Pi Gamma Lambda,Georgia,Southern,,,,
738,Pi Iota,Illinois,Midwestern,,,,
642,Pi Iota Lambda,Georgia,Southern,,,,
739,Pi Kappa,Southern California,Western,,,,
643,Pi Kappa Lambda,,Southwestern,,,,
115,Pi Lambda,Arkansas,Southwestern,,,,
740,Pi Mu,West Virginia,Midwestern,,,,
644,Pi Mu Lambda,,Midwestern,,,,
741,Pi Nu,North Carolina,Southern,,,,
645,Pi Nu Lambda,Arkansas,Southwestern,,,,
743,Pi Omicron,Texas,Southwestern,,,,
647,Pi Omicron Lambda,Kansas,Midwestern,,,,
749,Pi Phi,Ohio,Midwestern,,,,
653,Pi Phi Lambda,,Southwestern,,,,
744,Pi Pi,New York,Eastern,,,,
648,Pi Pi Lambda,Louisiana,Southwestern,,,,
751,Pi Psi,Arkansas,Southwestern,,,,
655,Pi Psi Lambda,Florida,Southern,,,,
745,Pi Rho,Pennsylvania,Eastern,,,,
649,Pi Rho Lambda,Southern California,Western,,,,
746,Pi Sigma,Illinois,Midwestern,,,,
650,Pi Sigma Lambda,Mississippi,Southern,,,,
747,Pi Tau,Georgia,Southern,,,,
651,Pi Tau Lambda,New England,Eastern,,,,
737,Pi Theta,"Washington DC, Maryland, Delaware",Eastern,,,,
641,Pi Theta Lambda,Texas,Southwestern,,,,
748,Pi Upsilon,Michigan,Midwestern,,,,
652,Pi Upsilon Lambda,"Washington DC, Maryland, Delaware",Eastern,,,,
742,Pi Xi,New Jersey,Eastern,,,,
646,Pi Xi Lambda,Rocky Mountain (Colorado/Utah),Western,,,,
735,Pi Zeta,North Carolina,Southern,,,,
639,Pi Zeta Lambda,"Arizona, Nevada, New Mexico",Western,,,,
22,Psi,Pennsylvania,Eastern,,,,
122,Psi Lambda,Tennessee,Southern,,,,
"9,999",Renounced Chapter,Renounced,Region 7,,,,
16,Rho,Pennsylvania,Eastern,,,,
752,Rho Alpha,New York,Eastern,,,,
656,Rho Alpha Lambda,North Carolina,Southern,,,,
753,Rho Beta,Great Northwest,Western,,,,
657,Rho Beta Lambda,North Carolina,Southern,,,,
772,Rho Chi,Alabama,Southern,,,,
675,Rho Chi Lambda,International,Eastern,,,,
755,Rho Delta,Michigan,Midwestern,,,,
659,Rho Delta Lambda,South Carolina,Southern,,,,
756,Rho Epsilon,Louisiana,Southwestern,,,,
660,Rho Epsilon Lambda,Mississippi,Southern,,,,
758,Rho Eta,Kentucky,Midwestern,,,,
662,Rho Eta Lambda,Alabama,Southern,,,,
754,Rho Gamma,Kentucky,Midwestern,,,,
658,Rho Gamma Lambda,Mississippi,Southern,,,,
760,Rho Iota,Louisiana,Southwestern,,,,
664,Rho Iota Lambda,Virginia,Eastern,,,,
761,Rho Kappa,New York,Eastern,,,,
665,Rho Kappa Lambda,Georgia,Southern,,,,
116,Rho Lambda,New York,Eastern,,,,
762,Rho Mu,Texas,Southwestern,,,,
666,Rho Mu Lambda,Georgia,Southern,,,,
763,Rho Nu,New England,Eastern,,,,
667,Rho Nu Lambda,Texas,Southwestern,,,,
765,Rho Omicron,New York,Eastern,,,,
669,Rho Omicron Lambda,Florida,Southern,,,,
771,Rho Phi,Mississippi,Southern,,,,
674,Rho Phi Lambda,International,Eastern,,,,
766,Rho Pi,Pennsylvania,Eastern,,,,
670,Rho Pi Lambda,Georgia,Southern,,,,
773,Rho Psi,Texas,Southwestern,,,,
676,Rho Psi Lambda,New York,Eastern,,,,
767,Rho Rho,New York,Eastern,,,,
768,Rho Sigma,New York,Eastern,,,,
671,Rho Sigma Lambda,Georgia,Southern,,,,
769,Rho Tau,Indiana,Midwestern,,,,
672,Rho Tau Lambda,"Washington DC, Maryland, Delaware",Eastern,,,,
759,Rho Theta,Missouri,Midwestern,,,,
663,Rho Theta Lambda,North Carolina,Southern,,,,
770,Rho Upsilon,Ohio,Midwestern,,,,
673,Rho Upsilon Lambda,Alabama,Southern,,,,
764,Rho Xi,Florida,Southern,,,,
668,Rho Xi Lambda,Mississippi,Southern,,,,
757,Rho Zeta,South Carolina,Southern,,,,
661,Rho Zeta Lambda,Illinois,Midwestern,,,,
17,Sigma,New England,Eastern,,,,
774,Sigma Alpha,Northern California,Western,,,,
677,Sigma Alpha Lambda,"Washington DC, Maryland, Delaware",Eastern,,,,
775,Sigma Beta,Tennessee,Southern,,,,
678,Sigma Beta Lambda,Florida,Southern,,,,
794,Sigma Chi,South Carolina,Southern,,,,
871,Sigma Chi Lambda,New Jersey,Eastern,,,,
777,Sigma Delta,North Carolina,Southern,,,,
830,Sigma Delta Lambda,Michigan,Midwestern,,,,
778,Sigma Epsilon,Texas,Southwestern,,,,
832,Sigma Epsilon Lambda,Canada,Midwestern,,,,
780,Sigma Eta,New York,Eastern,,,,
836,Sigma Eta Lambda,Georgia,Southern,,,,
776,Sigma Gamma,Ohio,Midwestern,,,,
679,Sigma Gamma Lambda,Texas,Southwestern,,,,
782,Sigma Iota,Canada,Midwestern,,,,
843,Sigma Iota Lambda,Mississippi,Southern,,,,
783,Sigma Kappa,Missouri,Midwestern,,,,
852,Sigma Kappa Lambda,Indiana,Midwestern,,,,
117,Sigma Lambda,Louisiana,Southwestern,,,,
784,Sigma Mu,New York,Eastern,,,,
858,Sigma Mu Lambda,Pennsylvania,Eastern,,,,
785,Sigma Nu,New Jersey,Eastern,,,,
859,Sigma Nu Lambda,Missouri,Midwestern,,,,
787,Sigma Omicron,New York,Eastern,,,,
861,Sigma Omicron Lambda,Georgia,Southern,,,,
793,Sigma Phi,Indiana,Midwestern,,,,
870,Sigma Phi Lambda,Arkansas,Southwestern,,,,
788,Sigma Pi,Virginia,Eastern,,,,
862,Sigma Pi Lambda,Florida,Southern,,,,
795,Sigma Psi,"Arizona, Nevada, New Mexico",Western,,,,
872,Sigma Psi Lambda,International,Eastern,,,,
789,Sigma Rho,South Carolina,Southern,,,,
863,Sigma Rho Lambda,Tennessee,Southern,,,,
790,Sigma Sigma,"Washington DC, Maryland, Delaware",Eastern,,,,
867,Sigma Sigma Lambda,Mississippi,Southern,,,,
791,Sigma Tau,South Carolina,Southern,,,,
868,Sigma Tau Lambda,South Carolina,Southern,,,,
781,Sigma Theta,Missouri,Midwestern,,,,
839,Sigma Theta Lambda,Georgia,Southern,,,,
792,Sigma Upsilon,Florida,Southern,,,,
869,Sigma Upsilon Lambda,Wisconsin,Midwestern,,,,
786,Sigma Xi,New Jersey,Eastern,,,,
860,Sigma Xi Lambda,Kentucky,Midwestern,,,,
779,Sigma Zeta,New England,Eastern,,,,
834,Sigma Zeta Lambda,New Jersey,Eastern,,,,
18,Tau,Illinois,Midwestern,,,,
796,Tau Alpha,Texas,Southwestern,,,,
873,Tau Alpha Lambda,International,Eastern,,,,
797,Tau Beta,Louisiana,Southwestern,,,,
874,Tau Beta Lambda,Florida,Southern,,,,
816,Tau Chi,Georgia,Southern,,,,
799,Tau Delta,Florida,Southern,,,,
876,Tau Delta Lambda,Florida,Southern,,,,
800,Tau Epsilon,Georgia,Southern,,,,
877,Tau Epsilon Lambda,Georgia,Southern,,,,
802,Tau Eta,South Carolina,Southern,,,,
884,Tau Eta Lambda,Mississippi,Southern,,,,
798,Tau Gamma,Florida,Southern,,,,
875,Tau Gamma Lambda,Georgia,Southern,,,,
804,Tau Iota,Alabama,Southern,,,,
886,Tau Iota Lambda,Tennessee,Southern,,,,
805,Tau Kappa,Michigan,Midwestern,,,,
887,Tau Kappa Lambda,Florida,Southern,,,,
118,Tau Lambda,Tennessee,Southern,,,,
806,Tau Mu,Texas,Southwestern,,,,
889,Tau Mu Lambda,Southern California,Western,,,,
807,Tau Nu,North Carolina,Southern,,,,
890,Tau Nu Lambda,New York,Eastern,,,,
809,Tau Omicron,North Carolina,Southern,,,,
892,Tau Omicron Lambda,Texas,Southwestern,,,,
815,Tau Phi,Tennessee,Southern,,,,
899,Tau Phi Lambda,Arkansas,Southwestern,,,,
810,Tau Pi,Florida,Southern,,,,
893,Tau Pi Lambda,Texas,Southwestern,,,,
817,Tau Psi,Tennessee,Southern,,,,
811,Tau Rho,Georgia,Southern,,,,
894,Tau Rho Lambda,Illinois,Midwestern,,,,
812,Tau Sigma,"Arizona, Nevada, New Mexico",Western,,,,
895,Tau Sigma Lambda,Illinois,Midwestern,,,,
813,Tau Tau,Texas,Southwestern,,,,
897,Tau Tau Lambda,Georgia,Southern,,,,
803,Tau Theta,Florida,Southern,,,,
885,Tau Theta Lambda,Missouri,Midwestern,,,,
814,Tau Upsilon,Indiana,Midwestern,,,,
898,Tau Upsilon Lambda,Georgia,Southern,,,,
808,Tau Xi,Texas,Southwestern,,,,
891,Tau Xi Lambda,,Western,,,,
801,Tau Zeta,Georgia,Southern,,,,
878,Tau Zeta Lambda,Florida,Southern,,,,
8,Theta,Illinois,Midwestern,,,,
376,Theta Alpha,Texas,Southwestern,,,,
278,Theta Alpha Lambda,Alabama,Southern,,,,
377,Theta Beta,Georgia,Southern,,,,
279,Theta Beta Lambda,Northern California,Western,,,,
396,Theta Chi,Louisiana,Southwestern,,,,
298,Theta Chi Lambda,New York,Eastern,,,,
379,Theta Delta,Alabama,Southern,,,,
281,Theta Delta Lambda,Texas,Southwestern,,,,
380,Theta Epsilon,New York,Eastern,,,,
282,Theta Epsilon Lambda,Florida,Southern,,,,
382,Theta Eta,Northern California,Western,,,,
284,Theta Eta Lambda,Florida,Southern,,,,
378,Theta Gamma,Florida,Southern,,,,
280,Theta Gamma Lambda,Alabama,Southern,,,,
384,Theta Iota,Virginia,Eastern,,,,
286,Theta Iota Lambda,New England,Eastern,,,,
385,Theta Kappa,Arkansas,Southwestern,,,,
287,Theta Kappa Lambda,,Southwestern,,,,
108,Theta Lambda,Ohio,Midwestern,,,,
386,Theta Mu,Texas,Southwestern,,,,
288,Theta Mu Lambda,Illinois,Midwestern,,,,
387,Theta Nu,South Carolina,Southern,,,,
289,Theta Nu Lambda,Georgia,Southern,,,,
389,Theta Omicron,Illinois,Midwestern,,,,
291,Theta Omicron Lambda,North Carolina,Southern,,,,
395,Theta Phi,Louisiana,Southwestern,,,,
297,Theta Phi Lambda,South Carolina,Southern,,,,
390,Theta Pi,Tennessee,Southern,,,,
292,Theta Pi Lambda,"Arizona, Nevada, New Mexico",Western,,,,
397,Theta Psi,Arkansas,Southwestern,,,,
299,Theta Psi Lambda,New Jersey,Eastern,,,,
391,Theta Rho,Virginia,Eastern,,,,
293,Theta Rho Lambda,Virginia,Eastern,,,,
392,Theta Sigma,Florida,Southern,,,,
294,Theta Sigma Lambda,Mississippi,Southern,,,,
393,Theta Tau,Michigan,Midwestern,,,,
295,Theta Tau Lambda,Arkansas,Southwestern,,,,
383,Theta Theta,Louisiana,Southwestern,,,,
285,Theta Theta Lambda,International,Eastern,,,,
394,Theta Upsilon,Arkansas,Southwestern,,,,
296,Theta Upsilon Lambda,Indiana,Midwestern,,,,
388,Theta Xi,Indiana,Midwestern,,,,
290,Theta Xi Lambda,Indiana,Midwestern,,,,
381,Theta Zeta,New England,Eastern,,,,
283,Theta Zeta Lambda,Michigan,Midwestern,,,,
19,Upsilon,Kansas,Midwestern,,,,
818,Upsilon Alpha,South Carolina,Southern,,,,
819,Upsilon Beta,Virginia,Eastern,,,,
845,Upsilon Chi,Southern California,Western,,,,
822,Upsilon Delta,Mississippi,Southern,,,,
823,Upsilon Epsilon,"Washington DC, Maryland, Delaware",Eastern,,,,
825,Upsilon Eta,Alabama,Southern,,,,
820,Upsilon Gamma,Virginia,Eastern,,,,
827,Upsilon Iota,North Carolina,Southern,,,,
828,Upsilon Kappa,New York,Eastern,,,,
119,Upsilon Lambda,Florida,Southern,,,,
829,Upsilon Mu,Texas,Southwestern,,,,
835,Upsilon Omicron,Georgia,Southern,,,,
844,Upsilon Phi,Tennessee,Southern,,,,
837,Upsilon Pi,New York,Eastern,,,,
846,Upsilon Psi,Georgia,Southern,,,,
838,Upsilon Rho,Northern California,Western,,,,
840,Upsilon Sigma,Florida,Southern,,,,
841,Upsilon Tau,Tennessee,Southern,,,,
826,Upsilon Theta,Florida,Southern,,,,
842,Upsilon Upsilon,New York,Eastern,,,,
833,Upsilon Xi,Illinois,Midwestern,,,,
824,Upsilon Zeta,"Washington DC, Maryland, Delaware",Eastern,,,,
13,Xi,Ohio,Midwestern,,,,
486,Xi Alpha,Kentucky,Midwestern,,,,
590,Xi Alpha Lambda,Virginia,Eastern,,,,
487,Xi Beta,Alabama,Southern,,,,
591,Xi Beta Lambda,Texas,Southwestern,,,,
706,Xi Chi,Ohio,Midwestern,,,,
610,Xi Chi Lambda,Louisiana,Southwestern,,,,
489,Xi Delta,Virginia,Eastern,,,,
593,Xi Delta Lambda,Virginia,Eastern,,,,
490,Xi Epsilon,South Carolina,Southern,,,,
594,Xi Epsilon Lambda,Missouri,Midwestern,,,,
492,Xi Eta,North Carolina,Southern,,,,
596,Xi Eta Lambda,Texas,Southwestern,,,,
488,Xi Gamma,Missouri,Midwestern,,,,
592,Xi Gamma Lambda,South Carolina,Southern,,,,
494,Xi Iota,Florida,Southern,,,,
598,Xi Iota Lambda,Southern California,Western,,,,
495,Xi Kappa,Florida,Southern,,,,
599,Xi Kappa Lambda,Texas,Southwestern,,,,
113,Xi Lambda,Illinois,Midwestern,,,,
496,Xi Mu,Pennsylvania,Eastern,,,,
600,Xi Mu Lambda,Kansas,Midwestern,,,,
497,Xi Nu,Kansas,Midwestern,,,,
601,Xi Nu Lambda,Louisiana,Southwestern,,,,
499,Xi Omicron,"Washington DC, Maryland, Delaware",Eastern,,,,
603,Xi Omicron Lambda,Florida,Southern,,,,
705,Xi Phi,South Carolina,Southern,,,,
609,Xi Phi Lambda,South Carolina,Southern,,,,
700,Xi Pi,Northern California,Western,,,,
604,Xi Pi Lambda,Kentucky,Midwestern,,,,
707,Xi Psi,New York,Eastern,,,,
611,Xi Psi Lambda,Florida,Southern,,,,
701,Xi Rho,Northern California,Western,,,,
605,Xi Rho Lambda,Florida,Southern,,,,
702,Xi Sigma,Pennsylvania,Eastern,,,,
606,Xi Sigma Lambda,Florida,Southern,,,,
703,Xi Tau,Georgia,Southern,,,,
607,Xi Tau Lambda,Texas,Southwestern,,,,
493,Xi Theta,West Virginia,Midwestern,,,,
597,Xi Theta Lambda,South Carolina,Southern,,,,
704,Xi Upsilon,Northern California,Western,,,,
608,Xi Upsilon Lambda,South Carolina,Southern,,,,
498,Xi Xi,Alabama,Southern,,,,
602,Xi Xi Lambda,"Washington DC, Maryland, Delaware",Eastern,,,,
491,Xi Zeta,Virginia,Eastern,,,,
595,Xi Zeta Lambda,Mississippi,Southern,,,,
6,Zeta,New England,Eastern,,,,
332,Zeta Alpha,Missouri,Midwestern,,,,
234,Zeta Alpha Lambda,Florida,Southern,,,,
333,Zeta Beta,Michigan,Midwestern,,,,
235,Zeta Beta Lambda,Northern California,Western,,,,
352,Zeta Chi,Texas,Southwestern,,,,
254,Zeta Chi Lambda,Louisiana,Southwestern,,,,
335,Zeta Delta,Michigan,Midwestern,,,,
237,Zeta Delta Lambda,Ohio,Midwestern,,,,
336,Zeta Epsilon,North Carolina,Southern,,,,
238,Zeta Epsilon Lambda,New Jersey,Eastern,,,,
338,Zeta Eta,New York,Eastern,,,,
240,Zeta Eta Lambda,North Carolina,Southern,,,,
334,Zeta Gamma,Missouri,Midwestern,,,,
236,Zeta Gamma Lambda,Oklahoma,Southwestern,,,,
340,Zeta Iota,Wisconsin,Midwestern,,,,
242,Zeta Iota Lambda,New Jersey,Eastern,,,,
341,Zeta Kappa,Texas,Southwestern,,,,
243,Zeta Kappa Lambda,Iowa,Midwestern,,,,
106,Zeta Lambda,Virginia,Eastern,,,,
342,Zeta Mu,Georgia,Southern,,,,
244,Zeta Mu Lambda,Mississippi,Southern,,,,
343,Zeta Nu,Illinois,Midwestern,,,,
245,Zeta Nu Lambda,New Jersey,Eastern,,,,
345,Zeta Omicron,Kentucky,Midwestern,,,,
247,Zeta Omicron Lambda,Pennsylvania,Eastern,,,,
351,Zeta Phi,Mississippi,Southern,,,,
253,Zeta Phi Lambda,New England,Eastern,,,,
346,Zeta Pi,Georgia,Southern,,,,
248,Zeta Pi Lambda,Great Northwest,Western,,,,
353,Zeta Psi,Pennsylvania,Eastern,,,,
255,Zeta Psi Lambda,Louisiana,Southwestern,,,,
347,Zeta Rho,Indiana,Midwestern,,,,
249,Zeta Rho Lambda,"Washington DC, Maryland, Delaware",Eastern,,,,
348,Zeta Sigma,Oklahoma,Southwestern,,,,
250,Zeta Sigma Lambda,Southern California,Western,,,,
349,Zeta Tau,Texas,Southwestern,,,,
251,Zeta Tau Lambda,Texas,Southwestern,,,,
339,Zeta Theta,"Arizona, Nevada, New Mexico",Western,,,,
241,Zeta Theta Lambda,Pennsylvania,Eastern,,,,
350,Zeta Upsilon,Oklahoma,Southwestern,,,,
252,Zeta Upsilon Lambda,Virginia,Eastern,,,,
344,Zeta Xi,Louisiana,Southwestern,,,,
246,Zeta Xi Lambda,Illinois,Midwestern,,,,
337,Zeta Zeta,Oklahoma,Southwestern,,,,
239,Zeta Zeta Lambda,New York,Eastern,,,,
